{"MSE": 2.4535316296806924, "_timestamp": 1686078379.8967056, "_runtime": 4.6452555656433105, "_step": 0, "_wandb": {"runtime": 4}}