{"MSE": 2.4473897335203367, "_timestamp": 1686078358.3431523, "_runtime": 8.12558126449585, "_step": 0, "_wandb": {"runtime": 7}}