{"MSE": 2.451442968312527, "_timestamp": 1686078399.2339401, "_runtime": 3.075432062149048, "_step": 0, "_wandb": {"runtime": 2}}