{"MSE": 2.4481978025300997, "_timestamp": 1686078421.196209, "_runtime": 9.287435054779053, "_step": 0, "_wandb": {"runtime": 8}}