{"MSE": 2.4495923232320918, "_timestamp": 1686078311.017071, "_runtime": 10.285258054733276, "_step": 0, "_wandb": {"runtime": 9}}