{"MSE": 2.454507191207309, "_timestamp": 1686078271.8483863, "_runtime": 8.011292219161987, "_step": 0, "_wandb": {"runtime": 7}}